name,symbol,category
Argha Karya Prima Industry Tbk,AKPI.JK,Unknown
AKR Corporindo Tbk.,AKRA.JK,Unknown
Mineral Sumberdaya Mandiri Tbk,AKSI.JK,Unknown
Alkindo Naratama Tbk.,ALDO.JK,Unknown
Alakasa Industrindo Tbk,ALKA.JK,Unknown
Alumindo Light Metal Industry,ALMI.JK,Unknown
Tri Banyan Tirta Tbk.,ALTO.JK,Unknown
Asuransi Multi Artha Guna Tbk.,AMAG.JK,Unknown
Asahimas Flat Glass Tbk.,AMFG.JK,Unknown
Ateliers Mecaniques D Indonesia,AMIN.JK,Unknown
Sumber Alfaria Trijaya Tbk.,AMRT.JK,Unknown
Austindo Nusantara Jaya Tbk.,ANJT.JK,Unknown
Aneka Tambang Tbk.,ANTM.JK,Unknown
Apexindo Pratama Duta Tbk.,APEX.JK,Unknown
Pacific Strategic Financial Tb,APIC.JK,Unknown
Arita Prima Indonesia Tbk.,APII.JK,Unknown
Asiaplast Industries Tbk.,APLI.JK,Unknown
Agung Podomoro Land Tbk.,APLN.JK,Unknown
Argo Pantes Tbk,ARGO.JK,Unknown
Atlas Resources Tbk.,ARII.JK,Unknown
Arwana Citramulia Tbk.,ARNA.JK,Unknown
Arthavest Tbk,ARTA.JK,Unknown
Ratu Prabu Energi Tbk,ARTI.JK,Unknown
Bank Jago Tbk.,ARTO.JK,Unknown
Asuransi Bintang Tbk.,ASBI.JK,Unknown
Asuransi Dayin Mitra Tbk.,ASDM.JK,Unknown
Astra Graphia Tbk.,ASGR.JK,Unknown
Astra International Tbk.,ASII.JK,Unknown
Asuransi Jasa Tania Tbk.,ASJT.JK,Unknown
Asuransi Maximus Graha Persada,ASMI.JK,Unknown
Saranacentral Bajatama Tbk.,BAJA.JK,Unknown
Bali Towerindo Sentra Tbk.,BALI.JK,Unknown
Bekasi Asri Pemula Tbk.,BAPA.JK,Unknown
Sepatu Bata Tbk.,BATA.JK,Unknown
Bayu Buana Tbk,BAYU.JK,Unknown
Bank Central Asia Tbk.,BBCA.JK,Unknown
Allo Bank Indonesia Tbk.,BBHI.JK,Unknown
Bank KB Bukopin Tbk.,BBKP.JK,Unknown
Buana Finance Tbk.,BBLD.JK,Unknown
Bank Mestika Dharma Tbk.,BBMD.JK,Unknown
Bank Negara Indonesia (Persero,BBNI.JK,Unknown
Bank Rakyat Indonesia (Persero,BBRI.JK,Unknown
Pelayaran Nasional Bina Buana,BBRM.JK,Unknown
Bank Tabungan Negara (Persero),BBTN.JK,Unknown
Bank Neo Commerce Tbk.,BBYB.JK,Unknown
MNC Kapital Indonesia Tbk.,BCAP.JK,Unknown
Bank JTrust Indonesia Tbk.,BCIC.JK,Unknown
Bumi Citra Permai Tbk.,BCIP.JK,Unknown
Bank Danamon Indonesia Tbk.,BDMN.JK,Unknown
Bank Pembangunan Daerah Banten,BEKS.JK,Unknown
Bekasi Fajar Industrial Estate,BEST.JK,Unknown
BFI Finance Indonesia Tbk.,BFIN.JK,Unknown
Bank Ganesha Tbk.,BGTG.JK,Unknown
MNC Asia Holding Tbk.,BHIT.JK,Unknown
Binakarya Jaya Abadi Tbk.,BIKA.JK,Unknown
Primarindo Asia Infrastructure,BIMA.JK,Unknown
Bank Ina Perdana Tbk.,BINA.JK,Unknown
Astrindo Nusantara Infrastrukt,BIPI.JK,Unknown
Bhuwanatala Indah Permai Tbk.,BIPP.JK,Unknown
Blue Bird Tbk.,BIRD.JK,Unknown
BISI International Tbk.,BISI.JK,Unknown
Bank Pembangunan Daerah Jawa B,BJBR.JK,Unknown
Bank Pembangunan Daerah Jawa T,BJTM.JK,Unknown
Bukit Darmo Property Tbk,BKDP.JK,Unknown
Sentul City Tbk.,BKSL.JK,Unknown
Bank QNB Indonesia Tbk.,BKSW.JK,Unknown
Berlian Laju Tanker Tbk,BLTA.JK,Unknown
Graha Layar Prima Tbk.,BLTZ.JK,Unknown
Bank Maspion Indonesia Tbk.,BMAS.JK,Unknown
Bank Mandiri (Persero) Tbk.,BMRI.JK,Unknown
Bintang Mitra Semestaraya Tbk,BMSR.JK,Unknown
Global Mediacom Tbk.,BMTR.JK,Unknown
Bank Bumi Arta Tbk.,BNBA.JK,Unknown
Bakrie & Brothers Tbk,BNBR.JK,Unknown
Bank CIMB Niaga Tbk.,BNGA.JK,Unknown
Bank Maybank Indonesia Tbk.,BNII.JK,Unknown
Bank Permata Tbk.,BNLI.JK,Unknown
Garuda Metalindo Tbk.,BOLT.JK,Unknown
Woori Finance Indonesia Tbk.,BPFI.JK,Unknown
Batavia Prosperindo Internasio,BPII.JK,Unknown
Indo Kordsa Tbk.,BRAM.JK,Unknown
Astra Agro Lestari Tbk.,AALI.JK,Unknown
Mahaka Media Tbk.,ABBA.JK,Unknown
Asuransi Bina Dana Arta Tbk.,ABDA.JK,Unknown
ABM Investama Tbk.,ABMM.JK,Unknown
Ace Hardware Indonesia Tbk.,ACES.JK,Unknown
Acset Indonusa Tbk.,ACST.JK,Unknown
Akasha Wira International Tbk.,ADES.JK,Unknown
Adhi Karya (Persero) Tbk.,ADHI.JK,Unknown
Adira Dinamika Multi Finance T,ADMF.JK,Unknown
Polychem Indonesia Tbk,ADMG.JK,Unknown
Adaro Energy Indonesia Tbk.,ADRO.JK,Unknown
Aneka Gas Industri Tbk.,AGII.JK,Unknown
Bank Raya Indonesia Tbk.,AGRO.JK,Unknown
Bank IBK Indonesia Tbk.,AGRS.JK,Unknown
Asuransi Harta Aman Pratama Tb,AHAP.JK,Unknown
Bumi Resources Minerals Tbk.,BRMS.JK,Unknown
Berlina Tbk.,BRNA.JK,Unknown
Barito Pacific Tbk.,BRPT.JK,Unknown
Bumi Serpong Damai Tbk.,BSDE.JK,Unknown
Bank Sinarmas Tbk.,BSIM.JK,Unknown
Bukaka Teknik Utama Tbk.,BUKK.JK,Unknown
Buana Lintas Lautan Tbk.,BULL.JK,Unknown
Bumi Resources Tbk.,BUMI.JK,Unknown
Bukit Uluwatu Villa Tbk.,BUVA.JK,Unknown
Bank Victoria International Tb,BVIC.JK,Unknown
Eagle High Plantations Tbk.,BWPT.JK,Unknown
Bayan Resources Tbk.,BYAN.JK,Unknown
Capitol Nusantara Indonesia Tb,CANI.JK,Unknown
Cardig Aero Services Tbk.,CASS.JK,Unknown
Wilmar Cahaya Indonesia Tbk.,CEKA.JK,Unknown
Centratama Telekomunikasi Indo,CENT.JK,Unknown
Clipan Finance Indonesia Tbk.,CFIN.JK,Unknown
Chitose Internasional Tbk.,CINT.JK,Unknown
Cita Mineral Investindo Tbk.,CITA.JK,Unknown
Colorpak Indonesia Tbk.,CLPI.JK,Unknown
Citra Marga Nusaphala Persada,CMNP.JK,Unknown
AirAsia Indonesia Tbk.,CMPP.JK,Unknown
Exploitasi Energi Indonesia Tb,CNKO.JK,Unknown
Century Textile Industry Tbk.,CNTX.JK,Unknown
Cowell Development Tbk.,COWL.JK,Unknown
Charoen Pokphand Indonesia Tbk,CPIN.JK,Unknown
Central Proteina Prima Tbk.,CPRO.JK,Unknown
Catur Sentosa Adiprana Tbk.,CSAP.JK,Unknown
Citra Tubindo Tbk.,CTBN.JK,Unknown
Ciputra Development Tbk.,CTRA.JK,Unknown
Citatah Tbk.,CTTH.JK,Unknown
Duta Anggada Realty Tbk.,DART.JK,Unknown
Danasupra Erapacific Tbk.,DEFI.JK,Unknown
Darma Henwa Tbk,DEWA.JK,Unknown
Nusa Konstruksi Enjiniring Tbk,DGIK.JK,Unknown
Intiland Development Tbk.,DILD.JK,Unknown
Central Omega Resources Tbk.,DKFT.JK,Unknown
Delta Djakarta Tbk.,DLTA.JK,Unknown
Puradelta Lestari Tbk.,DMAS.JK,Unknown
Bank Oke Indonesia Tbk.,DNAR.JK,Unknown
Indoritel Makmur Internasional,DNET.JK,Unknown
Delta Dunia Makmur Tbk.,DOID.JK,Unknown
Duta Pertiwi Nusantara Tbk.,DPNS.JK,Unknown
Dharma Samudera Fishing Indust,DSFI.JK,Unknown
Dharma Satya Nusantara Tbk.,DSNG.JK,Unknown
Dian Swastatika Sentosa Tbk,DSSA.JK,Unknown
Duta Pertiwi Tbk,DUTI.JK,Unknown
Darya-Varia Laboratoria Tbk.,DVLA.JK,Unknown
Dyandra Media International Tb,DYAN.JK,Unknown
Electronic City Indonesia Tbk.,ECII.JK,Unknown
Ekadharma International Tbk.,EKAD.JK,Unknown
Elnusa Tbk.,ELSA.JK,Unknown
Bakrieland Development Tbk.,ELTY.JK,Unknown
Megapolitan Developments Tbk.,EMDE.JK,Unknown
Elang Mahkota Teknologi Tbk.,EMTK.JK,Unknown
Energi Mega Persada Tbk.,ENRG.JK,Unknown
Enseval Putera Megatrading Tbk,EPMT.JK,Unknown
Erajaya Swasembada Tbk.,ERAA.JK,Unknown
Eratex Djaja Tbk.,ERTX.JK,Unknown
Surya Esa Perkasa Tbk.,ESSA.JK,Unknown
Ever Shine Tex Tbk.,ESTI.JK,Unknown
Eterindo Wahanatama Tbk,ETWA.JK,Unknown
XL Axiata Tbk.,EXCL.JK,Unknown
Fast Food Indonesia Tbk.,FAST.JK,Unknown
Fajar Surya Wisesa Tbk.,FASW.JK,Unknown
FKS Multi Agro Tbk.,FISH.JK,Unknown
Fortune Mate Indonesia Tbk,FMII.JK,Unknown
Fortune Indonesia Tbk,FORU.JK,Unknown
Lotte Chemical Titan Tbk.,FPNI.JK,Unknown
Smartfren Telecom Tbk.,FREN.JK,Unknown
Aksara Global Development Tbk.,GAMA.JK,Unknown
Gunawan Dianjaya Steel Tbk.,GDST.JK,Unknown
Goodyear Indonesia Tbk.,GDYR.JK,Unknown
Gema Grahasarana Tbk.,GEMA.JK,Unknown
Golden Energy Mines Tbk.,GEMS.JK,Unknown
Gudang Garam Tbk.,GGRM.JK,Unknown
Garuda Indonesia (Persero) Tbk,GIAA.JK,Unknown
Gajah Tunggal Tbk.,GJTL.JK,Unknown
Globe Kita Terang Tbk.,GLOB.JK,Unknown
Gowa Makassar Tourism Developm,GMTD.JK,Unknown
Visi Telekomunikasi Infrastruk,GOLD.JK,Unknown
Golden Plantation Tbk.,GOLL.JK,Unknown
Perdana Gapuraprima Tbk.,GPRA.JK,Unknown
Equity Development Investment,GSMF.JK,Unknown
Garda Tujuh Buana Tbk,GTBO.JK,Unknown
Greenwood Sejahtera Tbk.,GWSA.JK,Unknown
Gozco Plantations Tbk.,GZCO.JK,Unknown
Himalaya Energi Perkasa Tbk.,HADE.JK,Unknown
Radana Bhaskara Finance Tbk.,HDFA.JK,Unknown
Panasia Indo Resources Tbk.,HDTX.JK,Unknown
Hero Supermarket Tbk.,HERO.JK,Unknown
Hexindo Adiperkasa Tbk.,HEXA.JK,Unknown
Humpuss Intermoda Transportasi,HITS.JK,Unknown
H.M. Sampoerna Tbk.,HMSP.JK,Unknown
Hotel Mandarine Regency Tbk.,HOME.JK,Unknown
Saraswati Griya Lestari Tbk.,HOTL.JK,Unknown
Harum Energy Tbk.,HRUM.JK,Unknown
MNC Energy Investments Tbk.,IATA.JK,Unknown
Intan Baru Prana Tbk.,IBFN.JK,Unknown
Inti Bangun Sejahtera Tbk.,IBST.JK,Unknown
Indofood CBP Sukses Makmur Tbk,ICBP.JK,Unknown
Island Concepts Indonesia Tbk.,ICON.JK,Unknown
Champion Pacific Indonesia Tbk,IGAR.JK,Unknown
Inti Agri Resources Tbk,IIKP.JK,Unknown
Intikeramik Alamasri Industri,IKAI.JK,Unknown
Sumi Indo Kabel Tbk.,IKBI.JK,Unknown
Indomobil Sukses Internasional,IMAS.JK,Unknown
Indospring Tbk.,INDS.JK,Unknown
Tanah Laut Tbk,INDX.JK,Unknown
Indika Energy Tbk.,INDY.JK,Unknown
Indah Kiat Pulp & Paper Tbk.,INKP.JK,Unknown
Bank Artha Graha Internasional,INPC.JK,Unknown
Indonesian Paradise Property T,INPP.JK,Unknown
Toba Pulp Lestari Tbk.,INRU.JK,Unknown
Intraco Penta Tbk.,INTA.JK,Unknown
Inter Delta Tbk,INTD.JK,Unknown
Indocement Tunggal Prakarsa Tb,INTP.JK,Unknown
Indopoly Swakarsa Industry Tbk,IPOL.JK,Unknown
Indosat Tbk.,ISAT.JK,Unknown
Steel Pipe Industry of Indones,ISSP.JK,Unknown
Sumber Energi Andalan Tbk.,ITMA.JK,Unknown
Indo Tambangraya Megah Tbk.,ITMG.JK,Unknown
Jaya Agra Wattie Tbk.,JAWA.JK,Unknown
Jembo Cable Company Tbk.,JECC.JK,Unknown
Jakarta International Hotels &,JIHD.JK,Unknown
Jaya Konstruksi Manggala Prata,JKON.JK,Unknown
Jakarta Kyoei Steel Works Tbk.,JKSW.JK,Unknown
Japfa Comfeed Indonesia Tbk.,JPFA.JK,Unknown
Jaya Real Property Tbk.,JRPT.JK,Unknown
Kedawung Setia Industrial Tbk.,KDSI.JK,Unknown
Keramika Indonesia Assosiasi T,KIAS.JK,Unknown
Kedaung Indah Can Tbk,KICI.JK,Unknown
Kawasan Industri Jababeka Tbk.,KIJA.JK,Unknown
Resource Alam Indonesia Tbk.,KKGI.JK,Unknown
Kalbe Farma Tbk.,KLBF.JK,Unknown
Kobexindo Tractors Tbk.,KOBX.JK,Unknown
Kokoh Inti Arebama Tbk,KOIN.JK,Unknown
Perdana Bangun Pusaka Tbk,KONI.JK,Unknown
Mitra Energi Persada Tbk.,KOPI.JK,Unknown
MNC Land Tbk.,KPIG.JK,Unknown
Grand Kartech Tbk.,KRAH.JK,Unknown
Krakatau Steel (Persero) Tbk.,KRAS.JK,Unknown
Kresna Graha Investama Tbk.,KREN.JK,Unknown
Leyand International Tbk.,LAPD.JK,Unknown
Eureka Prima Jakarta Tbk.,LCGP.JK,Unknown
Logindo Samudramakmur Tbk.,LEAD.JK,Unknown
Link Net Tbk.,LINK.JK,Unknown
Lion Metal Works Tbk.,LION.JK,Unknown
Limas Indonesia Makmur Tbk,LMAS.JK,Unknown
Langgeng Makmur Industri Tbk.,LMPI.JK,Unknown
Lionmesh Prima Tbk.,LMSH.JK,Unknown
Lippo Cikarang Tbk,LPCK.JK,Unknown
Lippo General Insurance Tbk.,LPGI.JK,Unknown
Multi Prima Sejahtera Tbk,LPIN.JK,Unknown
Lippo Karawaci Tbk.,LPKR.JK,Unknown
Star Pacific Tbk,LPLI.JK,Unknown
Matahari Department Store Tbk.,LPPF.JK,Unknown
Lenox Pasifik Investama Tbk.,LPPS.JK,Unknown
Eka Sari Lorena Transport Tbk.,LRNA.JK,Unknown
PP London Sumatra Indonesia Tb,LSIP.JK,Unknown
Lautan Luas Tbk.,LTLS.JK,Unknown
Multi Agro Gemilang Plantation,MAGP.JK,Unknown
Malindo Feedmill Tbk.,MAIN.JK,Unknown
Mas Murni Indonesia Tbk,MAMI.JK,Unknown
Mitra Adiperkasa Tbk.,MAPI.JK,Unknown
Multistrada Arah Sarana Tbk.,MASA.JK,Unknown
Bank Mayapada Internasional Tb,MAYA.JK,Unknown
Mitrabara Adiperdana Tbk.,MBAP.JK,Unknown
Mitrabahtera Segara Sejati Tbk,MBSS.JK,Unknown
Martina Berto Tbk.,MBTO.JK,Unknown
Bank China Construction Bank I,MCOR.JK,Unknown
Intermedia Capital Tbk.,MDIA.JK,Unknown
Merdeka Copper Gold Tbk.,MDKA.JK,Unknown
Modernland Realty Tbk.,MDLN.JK,Unknown
Modern Internasional Tbk.,MDRN.JK,Unknown
Medco Energi Internasional Tbk,MEDC.JK,Unknown
Bank Mega Tbk.,MEGA.JK,Unknown
Merck Tbk.,MERK.JK,Unknown
Nusantara Infrastructure Tbk.,META.JK,Unknown
Mandala Multifinance Tbk.,MFIN.JK,Unknown
Multifiling Mitra Indonesia Tb,MFMI.JK,Unknown
Magna Investama Mandiri Tbk.,MGNA.JK,Unknown
Multi Indocitra Tbk.,MICE.JK,Unknown
Midi Utama Indonesia Tbk.,MIDI.JK,Unknown
Mitra Keluarga Karyasehat Tbk.,MIKA.JK,Unknown
Mitra International Resources,MIRA.JK,Unknown
Mitra Investindo Tbk.,MITI.JK,Unknown
Metropolitan Kentjana Tbk.,MKPI.JK,Unknown
Multi Bintang Indonesia Tbk.,MLBI.JK,Unknown
Mulia Industrindo Tbk,MLIA.JK,Unknown
Multipolar Tbk.,MLPL.JK,Unknown
Multipolar Technology Tbk.,MLPT.JK,Unknown
Mega Manunggal Property Tbk.,MMLP.JK,Unknown
Media Nusantara Citra Tbk.,MNCN.JK,Unknown
Mitra Pinasthika Mustika Tbk.,MPMX.JK,Unknown
Matahari Putra Prima Tbk.,MPPA.JK,Unknown
Mustika Ratu Tbk.,MRAT.JK,Unknown
Maskapai Reasuransi Indonesia,MREI.JK,Unknown
MNC Sky Vision Tbk.,MSKY.JK,Unknown
Metrodata Electronics Tbk.,MTDL.JK,Unknown
Capitalinc Investment Tbk.,MTFN.JK,Unknown
Metropolitan Land Tbk.,MTLA.JK,Unknown
Metro Realty Tbk.,MTSM.JK,Unknown
Samindo Resources Tbk.,MYOH.JK,Unknown
Mayora Indah Tbk.,MYOR.JK,Unknown
Hanson International Tbk.,MYRX.JK,Unknown
Asia Pacific Investama Tbk.,MYTX.JK,Unknown
Pelayaran Nelly Dwi Putri Tbk.,NELY.JK,Unknown
Pelat Timah Nusantara Tbk.,NIKL.JK,Unknown
Nipress Tbk.,NIPS.JK,Unknown
City Retail Developments Tbk.,NIRO.JK,Unknown
Bank OCBC NISP Tbk.,NISP.JK,Unknown
Bank Nationalnobu Tbk.,NOBU.JK,Unknown
Nusa Raya Cipta Tbk.,NRCA.JK,Unknown
Onix Capital Tbk.,OCAP.JK,Unknown
Ancora Indonesia Resources Tbk,OKAS.JK,Unknown
Indonesia Prima Property Tbk,OMRE.JK,Unknown
Minna Padi Investama Sekuritas,PADI.JK,Unknown
Provident Investasi Bersama Tb,PALM.JK,Unknown
Panorama Sentrawisata Tbk.,PANR.JK,Unknown
Panin Sekuritas Tbk.,PANS.JK,Unknown
Pan Brothers Tbk.,PBRX.JK,Unknown
Destinasi Tirta Nusantara Tbk,PDES.JK,Unknown
Panca Global Kapital Tbk.,PEGE.JK,Unknown
Perusahaan Gas Negara Tbk.,PGAS.JK,Unknown
Pembangunan Graha Lestari Inda,PGLI.JK,Unknown
Pelangi Indah Canindo Tbk,PICO.JK,Unknown
Pembangunan Jaya Ancol Tbk.,PJAA.JK,Unknown
Perdana Karya Perkasa Tbk,PKPK.JK,Unknown
Polaris Investama Tbk,PLAS.JK,Unknown
Plaza Indonesia Realty Tbk.,PLIN.JK,Unknown
Bank Pan Indonesia Tbk,PNBN.JK,Unknown
Bank Panin Dubai Syariah Tbk.,PNBS.JK,Unknown
Paninvest Tbk.,PNIN.JK,Unknown
Panin Financial Tbk.,PNLF.JK,Unknown
Pudjiadi & Sons Tbk.,PNSE.JK,Unknown
Asia Pacific Fibers Tbk,POLY.JK,Unknown
Pool Advista Indonesia Tbk.,POOL.JK,Unknown
PP Properti Tbk.,PPRO.JK,Unknown
Prima Alloy Steel Universal Tb,PRAS.JK,Unknown
J Resources Asia Pasifik Tbk.,PSAB.JK,Unknown
Prasidha Aneka Niaga Tbk,PSDN.JK,Unknown
Red Planet Indonesia Tbk.,PSKT.JK,Unknown
Bukit Asam Tbk.,PTBA.JK,Unknown
Indo Straits Tbk.,PTIS.JK,Unknown
PP (Persero) Tbk.,PTPP.JK,Unknown
Petrosea Tbk.,PTRO.JK,Unknown
Sat Nusapersada Tbk,PTSN.JK,Unknown
Pioneerindo Gourmet Internatio,PTSP.JK,Unknown
Pudjiadi Prestige Tbk.,PUDP.JK,Unknown
Pakuwon Jati Tbk.,PWON.JK,Unknown
Pyridam Farma Tbk,PYFA.JK,Unknown
Rukun Raharja Tbk.,RAJA.JK,Unknown
Ramayana Lestari Sentosa Tbk.,RALS.JK,Unknown
Supra Boga Lestari Tbk.,RANC.JK,Unknown
Ristia Bintang Mahkotasejati T,RBMS.JK,Unknown
Roda Vivatex Tbk,RDTX.JK,Unknown
Reliance Sekuritas Indonesia T,RELI.JK,Unknown
Ricky Putra Globalindo Tbk,RICY.JK,Unknown
Rig Tenders Indonesia Tbk.,RIGS.JK,Unknown
Rimo International Lestari Tbk,RIMO.JK,Unknown
Bentoel Internasional Investam,RMBA.JK,Unknown
Pikko Land Development Tbk.,RODA.JK,Unknown
Nippon Indosari Corpindo Tbk.,ROTI.JK,Unknown
Radiant Utama Interinsco Tbk.,RUIS.JK,Unknown
Steady Safe Tbk,SAFE.JK,Unknown
Sarana Meditama Metropolitan T,SAME.JK,Unknown
Supreme Cable Manufacturing &,SCCO.JK,Unknown
Surya Citra Media Tbk.,SCMA.JK,Unknown
Organon Pharma Indonesia Tbk.,SCPI.JK,Unknown
Sidomulyo Selaras Tbk.,SDMU.JK,Unknown
Millennium Pharmacon Internati,SDPC.JK,Unknown
Bank Woori Saudara Indonesia 1,SDRA.JK,Unknown
Sampoerna Agro Tbk.,SGRO.JK,Unknown
Hotel Sahid Jaya International,SHID.JK,Unknown
Industri Jamu dan Farmasi Sido,SIDO.JK,Unknown
Siloam International Hospitals,SILO.JK,Unknown
Siwani Makmur Tbk,SIMA.JK,Unknown
Salim Ivomas Pratama Tbk.,SIMP.JK,Unknown
Sreeya Sewu Indonesia Tbk.,SIPD.JK,Unknown
Sekar Bumi Tbk.,SKBM.JK,Unknown
Sekar Laut Tbk.,SKLT.JK,Unknown
Northcliff Citranusa Indonesia,SKYB.JK,Unknown
Smart Tbk.,SMAR.JK,Unknown
Semen Baturaja (Persero) Tbk.,SMBR.JK,Unknown
Solusi Bangun Indonesia Tbk.,SMCB.JK,Unknown
Suryamas Dutamakmur Tbk.,SMDM.JK,Unknown
Samudera Indonesia Tbk.,SMDR.JK,Unknown
Semen Indonesia (Persero) Tbk.,SMGR.JK,Unknown
Sinarmas Multiartha Tbk.,SMMA.JK,Unknown
Golden Eagle Energy Tbk.,SMMT.JK,Unknown
Summarecon Agung Tbk.,SMRA.JK,Unknown
SMR Utama Tbk.,SMRU.JK,Unknown
Selamat Sempurna Tbk.,SMSM.JK,Unknown
Soechi Lines Tbk.,SOCI.JK,Unknown
Sona Topas Tourism Industry Tb,SONA.JK,Unknown
Suparma Tbk.,SPMA.JK,Unknown
Wilton Makmur Indonesia Tbk.,SQMI.JK,Unknown
Sejahteraraya Anugrahjaya Tbk.,SRAJ.JK,Unknown
Sri Rejeki Isman Tbk.,SRIL.JK,Unknown
Indo Acidatama Tbk,SRSN.JK,Unknown
Saratoga Investama Sedaya Tbk.,SRTG.JK,Unknown
Surya Semesta Internusa Tbk.,SSIA.JK,Unknown
Sawit Sumbermas Sarana Tbk.,SSMS.JK,Unknown
Sunson Textile Manufacture Tbk,SSTM.JK,Unknown
Buana Artha Anugerah Tbk.,STAR.JK,Unknown
Siantar Top Tbk.,STTP.JK,Unknown
Sugih Energy Tbk.,SUGI.JK,Unknown
SLJ Global Tbk.,SULI.JK,Unknown
Solusi Tunas Pratama Tbk.,SUPR.JK,Unknown
Tunas Alfin Tbk.,TALF.JK,Unknown
Agung Semesta Sejahtera Tbk.,TARA.JK,Unknown
Express Transindo Utama Tbk.,TAXI.JK,Unknown
Tower Bersama Infrastructure T,TBIG.JK,Unknown
Tunas Baru Lampung Tbk.,TBLA.JK,Unknown
Tembaga Mulia Semanan Tbk.,TBMS.JK,Unknown
Pabrik Kertas Tjiwi Kimia Tbk.,TKIM.JK,Unknown
Telkom Indonesia (Persero) Tbk,TLKM.JK,Unknown
Temas Tbk.,TMAS.JK,Unknown
Tempo Intimedia Tbk.,TMPO.JK,Unknown
TBS Energi Utama Tbk.,TOBA.JK,Unknown
Total Bangun Persada Tbk.,TOTL.JK,Unknown
Surya Toto Indonesia Tbk.,TOTO.JK,Unknown
Sarana Menara Nusantara Tbk.,TOWR.JK,Unknown
Chandra Asri Petrochemical Tbk,TPIA.JK,Unknown
Trans Power Marine Tbk.,TPMA.JK,Unknown
Trada Alam Minera Tbk.,TRAM.JK,Unknown
Triwira Insanlestari Tbk.,TRIL.JK,Unknown
Trimegah Sekuritas Indonesia T,TRIM.JK,Unknown
Trikomsel Oke Tbk.,TRIO.JK,Unknown
Trisula International Tbk.,TRIS.JK,Unknown
Trias Sentosa Tbk.,TRST.JK,Unknown
Trust Finance Indonesia Tbk,TRUS.JK,Unknown
Tempo Scan Pacific Tbk.,TSPC.JK,Unknown
Tunas Ridean Tbk.,TURI.JK,Unknown
Ultra Jaya Milk Industry & Tra,ULTJ.JK,Unknown
Unggul Indah Cahaya Tbk.,UNIC.JK,Unknown
Nusantara Inti Corpora Tbk,UNIT.JK,Unknown
Bakrie Sumatera Plantations Tb,UNSP.JK,Unknown
United Tractors Tbk.,UNTR.JK,Unknown
Unilever Indonesia Tbk.,UNVR.JK,Unknown
Victoria Investama Tbk.,VICO.JK,Unknown
Victoria Insurance Tbk.,VINS.JK,Unknown
Visi Media Asia Tbk.,VIVA.JK,Unknown
Voksel Electric Tbk.,VOKS.JK,Unknown
Verena Multi Finance Tbk.,VRNA.JK,Unknown
Wahana Pronatural Tbk.,WAPO.JK,Unknown
WEHA Transportasi Indonesia Tb,WEHA.JK,Unknown
Wicaksana Overseas Internation,WICO.JK,Unknown
Wismilak Inti Makmur Tbk.,WIIM.JK,Unknown
Sillo Maritime Perdana Tbk.,SHIP.JK,Unknown
Capital Financial Indonesia Tb,CASA.JK,Unknown
Duta Intidaya Tbk.,DAYA.JK,Unknown
Dua Putra Utama Makmur Tbk.,DPUM.JK,Unknown
Indonesia Pondasi Raya Tbk.,IDPR.JK,Unknown
Graha Andrasentra Propertindo,JGLE.JK,Unknown
Indo Komoditi Korpora Tbk.,INCF.JK,Unknown
Waskita Beton Precast Tbk.,WSBP.JK,Unknown
Paramita Bangun Sarana Tbk.,PBSA.JK,Unknown
Prodia Widyahusada Tbk.,PRDA.JK,Unknown
Bintang Oto Global Tbk.,BOGA.JK,Unknown
Bank Syariah Indonesia Tbk.,BRIS.JK,Unknown
Cahayasakti Investindo Sukses,CSIS.JK,Unknown
Terregra Asia Energy Tbk.,TGRA.JK,Unknown
Alfa Energi Investama Tbk.,FIRE.JK,Unknown
Totalindo Eka Persada Tbk.,TOPS.JK,Unknown
Kirana Megatara Tbk.,KMTR.JK,Unknown
Armidian Karyatama Tbk.,ARMY.JK,Unknown
MAP Boga Adiperkasa Tbk.,MAPB.JK,Unknown
Integra Indocabinet Tbk.,WOOD.JK,Unknown
Hartadinata Abadi Tbk.,HRTA.JK,Unknown
Marga Abhinaya Abadi Tbk.,MABA.JK,Unknown
Buyung Poetra Sembada Tbk.,HOKI.JK,Unknown
Megapower Makmur Tbk.,MPOW.JK,Unknown
Mark Dynamics Indonesia Tbk.,MARK.JK,Unknown
Andalan Perkasa Abadi Tbk.,NASA.JK,Unknown
Emdeki Utama Tbk.,MDKI.JK,Unknown
Trisula Textile Industries Tbk,BELL.JK,Unknown
Kioson Komersial Indonesia Tbk,KIOS.JK,Unknown
Garuda Maintenance Facility Ae,GMFI.JK,Unknown
Malacca Trust Wuwungan Insuran,MTWI.JK,Unknown
Kapuas Prima Coal Tbk.,ZINC.JK,Unknown
M Cash Integrasi Tbk.,MCAS.JK,Unknown
PP Presisi Tbk.,PPRE.JK,Unknown
Wijaya Karya Bangunan Gedung T,WEGE.JK,Unknown
Pelita Samudera Shipping Tbk.,PSSI.JK,Unknown
Mora Telematika Indonesia Tbk.,MORA.JK,Unknown
Dwi Guna Laksana Tbk.,DWGL.JK,Unknown
Panca Budi Idaman Tbk.,PBID.JK,Unknown
Sky Energy Indonesia Tbk.,JSKY.JK,Unknown
Indah Prakasa Sentosa Tbk.,INPS.JK,Unknown
Gihon Telekomunikasi Indonesia,GHON.JK,Unknown
Tridomain Performance Material,TDPM.JK,Unknown
Dafam Property Indonesia Tbk.,DFAM.JK,Unknown
Charnic Capital Tbk.,NICK.JK,Unknown
Bank BTPN Syariah Tbk.,BTPS.JK,Unknown
Surya Pertiwi Tbk.,SPTO.JK,Unknown
Royal Prima Tbk.,PRIM.JK,Unknown
Medikaloka Hermina Tbk.,HEAL.JK,Unknown
Guna Timur Raya Tbk.,TRUK.JK,Unknown
Sarimelati Kencana Tbk.,PZZA.JK,Unknown
Asuransi Tugu Pratama Indonesi,TUGU.JK,Unknown
MNC Digital Entertainment Tbk.,MSIN.JK,Unknown
Sriwahana Adityakarta Tbk.,SWAT.JK,Unknown
Steadfast Marine Tbk.,KPAL.JK,Unknown
Trimuda Nuansa Citra Tbk.,TNCA.JK,Unknown
Map Aktif Adiperkasa Tbk.,MAPA.JK,Unknown
Transcoal Pacific Tbk.,TCPI.JK,Unknown
Indonesia Kendaraan Terminal T,IPCC.JK,Unknown
Jaya Sukses Makmur Sentosa Tbk,RISE.JK,Unknown
Batavia Prosperindo Trans Tbk.,BPTR.JK,Unknown
Pollux Properties Indonesia Tb,POLL.JK,Unknown
NFC Indonesia Tbk.,NFCX.JK,Unknown
Mahkota Group Tbk.,MGRO.JK,Unknown
Sinergi Megah Internusa Tbk.,NUSA.JK,Unknown
MD Pictures Tbk.,FILM.JK,Unknown
Andira Agro Tbk.,ANDI.JK,Unknown
Trimitra Propertindo Tbk.,LAND.JK,Unknown
Madusari Murni Indah Tbk.,MOLI.JK,Unknown
Pratama Abadi Nusa Industri Tb,PANI.JK,Unknown
Arkadia Digital Media Tbk.,DIGI.JK,Unknown
Natura City Developments Tbk.,CITY.JK,Unknown
Satria Antaran Prima Tbk.,SAPX.JK,Unknown
Cottonindo Ariesta Tbk.,KPAS.JK,Unknown
Super Energy Tbk.,SURE.JK,Unknown
HK Metals Utama Tbk.,HKMU.JK,Unknown
Maha Properti Indonesia Tbk.,MPRO.JK,Unknown
Jaya Bersama Indo Tbk.,DUCK.JK,Unknown
Garudafood Putra Putri Jaya Tb,GOOD.JK,Unknown
Superkrane Mitra Utama Tbk.,SKRN.JK,Unknown
Yelooo Integra Datanet Tbk.,YELO.JK,Unknown
Cahayaputra Asa Keramik Tbk.,CAKK.JK,Unknown
Kota Satu Properti Tbk.,SATU.JK,Unknown
Shield On Service Tbk.,SOSS.JK,Unknown
Dewata Freightinternational Tb,DEAL.JK,Unknown
Pool Advista Finance Tbk.,POLA.JK,Unknown
Distribusi Voucher Nusantara T,DIVA.JK,Unknown
Sentral Mitra Informatika Tbk.,LUCK.JK,Unknown
Urban Jakarta Propertindo Tbk.,URBN.JK,Unknown
Satria Mega Kencana Tbk.,SOTS.JK,Unknown
Mega Perintis Tbk.,ZONE.JK,Unknown
Phapros Tbk.,PEHA.JK,Unknown
Sentra Food Indonesia Tbk.,FOOD.JK,Unknown
Estika Tata Tiara Tbk.,BEEF.JK,Unknown
Pollux Hotels Group Tbk.,POLI.JK,Unknown
Citra Putra Realty Tbk.,CLAY.JK,Unknown
Surya Permata Andalan Tbk.,NATO.JK,Unknown
Armada Berjaya Trans Tbk.,JAYA.JK,Unknown
Wahana Interfood Nusantara Tbk,COCO.JK,Unknown
Meta Epsi Tbk.,MTPS.JK,Unknown
Capri Nusa Satu Properti Tbk.,CPRI.JK,Unknown
Menteng Heritage Realty Tbk.,HRME.JK,Unknown
Bliss Properti Indonesia Tbk.,POSA.JK,Unknown
Jasnita Telekomindo Tbk.,JAST.JK,Unknown
Hotel Fitra International Tbk.,FITT.JK,Unknown
Bali Bintang Sejahtera Tbk.,BOLA.JK,Unknown
Communication Cable Systems In,CCSI.JK,Unknown
Surya Fajar Capital Tbk.,SFAN.JK,Unknown
Golden Flower Tbk.,POLU.JK,Unknown
Krida Jaringan Nusantara Tbk.,KJEN.JK,Unknown
Darmi Bersaudara Tbk.,KAYU.JK,Unknown
Indonesian Tobacco Tbk.,ITIC.JK,Unknown
Bima Sakti Pertiwi Tbk.,PAMG.JK,Unknown
MNC Vision Networks Tbk.,IPTV.JK,Unknown
Berkah Prima Perkasa Tbk.,BLUE.JK,Unknown
Envy Technologies Indonesia Tb,ENVY.JK,Unknown
Eastparc Hotel Tbk.,EAST.JK,Unknown
Asuransi Jiwa Sinarmas MSIG Tb,LIFE.JK,Unknown
Fuji Finance Indonesia Tbk.,FUJI.JK,Unknown
DMS Propertindo Tbk.,KOTA.JK,Unknown
Inocycle Technology Group Tbk.,INOV.JK,Unknown
Arkha Jayanti Persada Tbk.,ARKA.JK,Unknown
Satyamitra Kemas Lestari Tbk.,SMKL.JK,Unknown
Hensel Davest Indonesia Tbk.,HDIT.JK,Unknown
Kencana Energi Lestari Tbk.,KEEN.JK,Unknown
Bhakti Agung Propertindo Tbk.,BAPI.JK,Unknown
Telefast Indonesia Tbk.,TFAS.JK,Unknown
Gunung Raja Paksi Tbk.,GGRP.JK,Unknown
Optima Prima Metal Sinergi Tbk,OPMS.JK,Unknown
Nusantara Almazia Tbk.,NZIA.JK,Unknown
Gaya Abadi Sempurna Tbk.,SLIS.JK,Unknown
Trinitan Metals and Minerals T,PURE.JK,Unknown
Itama Ranoraya Tbk.,IRRA.JK,Unknown
Digital Mediatama Maxima Tbk.,DMMX.JK,Unknown
Singaraja Putra Tbk.,SINI.JK,Unknown
Ginting Jaya Energi Tbk.,WOWS.JK,Unknown
Sinergi Inti Plastindo Tbk.,ESIP.JK,Unknown
Dana Brata Luhur Tbk.,TEBE.JK,Unknown
Mulia Boga Raya Tbk.,KEJU.JK,Unknown
Palma Serasih Tbk.,PSGO.JK,Unknown
Asia Sejahtera Mina Tbk.,AGAR.JK,Unknown
Ifishdeco Tbk.,IFSH.JK,Unknown
Repower Asia Indonesia Tbk.,REAL.JK,Unknown
Indonesia Fibreboard Industry,IFII.JK,Unknown
Putra Mandiri Jembar Tbk.,PMJS.JK,Unknown
Uni-Charm Indonesia Tbk.,UCID.JK,Unknown
Galva Technologies Tbk.,GLVA.JK,Unknown
Tourindo Guide Indonesia Tbk.,PGJO.JK,Unknown
Bank Amar Indonesia Tbk.,AMAR.JK,Unknown
Cisadane Sawit Raya Tbk.,CSRA.JK,Unknown
Royalindo Investa Wijaya Tbk.,INDO.JK,Unknown
Ashmore Asset Management Indon,AMOR.JK,Unknown
Perintis Triniti Properti Tbk.,TRIN.JK,Unknown
Diamond Food Indonesia Tbk.,DMND.JK,Unknown
Putra Rajawali Kencana Tbk.,PURA.JK,Unknown
Pratama Widya Tbk.,PTPW.JK,Unknown
Lancartama Sejati Tbk.,TAMA.JK,Unknown
Era Mandiri Cemerlang Tbk.,IKAN.JK,Unknown
Agro Yasa Lestari Tbk.,AYLS.JK,Unknown
Diamond Citra Propertindo Tbk.,DADA.JK,Unknown
Andalan Sakti Primaindo Tbk.,ASPI.JK,Unknown
Esta Multi Usaha Tbk.,ESTA.JK,Unknown
Batulicin Nusantara Maritim Tb,BESS.JK,Unknown
Makmur Berkah Amanda Tbk.,AMAN.JK,Unknown
Metro Healthcare Indonesia Tbk,CARE.JK,Unknown
Saraswanti Anugerah Makmur Tbk,SAMF.JK,Unknown
Sejahtera Bintang Abadi Textil,SBAT.JK,Unknown
Karya Bersama Anugerah Tbk.,KBAG.JK,Unknown
Cahaya Bintang Medan Tbk.,CBMF.JK,Unknown
Aesler Grup Internasional Tbk.,RONY.JK,Unknown
Cipta Selera Murni Tbk.,CSMI.JK,Unknown
Bumi Benowo Sukses Sejahtera T,BBSS.JK,Unknown
Bhakti Multi Artha Tbk.,BHAT.JK,Unknown
Cashlez Worldwide Indonesia Tb,CASH.JK,Unknown
Indosterling Technomedia Tbk.,TECH.JK,Unknown
Megalestari Epack Sentosaraya,EPAC.JK,Unknown
Pakuan Tbk.,UANG.JK,Unknown
Pradiksi Gunatama Tbk.,PGUN.JK,Unknown
Boston Furniture Industries Tb,SOFA.JK,Unknown
Prima Globalindo Logistik Tbk.,PPGL.JK,Unknown
Sunindo Adipersada Tbk.,TOYS.JK,Unknown
Sumber Global Energy Tbk.,SGER.JK,Unknown
Transkon Jaya Tbk.,TRJA.JK,Unknown
Pinago Utama Tbk.,PNGO.JK,Unknown
Selaras Citra Nusantara Perkas,SCNP.JK,Unknown
Krom Bank Indonesia Tbk.,BBSI.JK,Unknown
Kurniamitra Duta Sentosa Tbk.,KMDS.JK,Unknown
Puri Global Sukses Tbk.,PURI.JK,Unknown
Soho Global Health Tbk.,SOHO.JK,Unknown
Grand House Mulia Tbk.,HOMI.JK,Unknown
Rockfields Properti Indonesia,ROCK.JK,Unknown
Morenzo Abadi Perkasa Tbk.,ENZO.JK,Unknown
Planet Properindo Jaya Tbk.,PLAN.JK,Unknown
Djasa Ubersakti Tbk.,PTDU.JK,Unknown
Trimitra Prawara Goldland Tbk.,ATAP.JK,Unknown
Victoria Care Indonesia Tbk.,VICI.JK,Unknown
Panca Mitra Multiperdana Tbk.,PMMP.JK,Unknown
Solusi Sinergi Digital Tbk.,WIFI.JK,Unknown
FAP Agri Tbk.,FAPA.JK,Unknown
DCI Indonesia Tbk.,DCII.JK,Unknown
Ketrosden Triasmitra Tbk.,KETR.JK,Unknown
Diagnos Laboratorium Utama Tbk,DGNS.JK,Unknown
Damai Sejahtera Abadi Tbk.,UFOE.JK,Unknown
Bank Aladin Syariah Tbk.,BANK.JK,Unknown
Widodo Makmur Unggas Tbk.,WMUU.JK,Unknown
Indointernet Tbk.,EDGE.JK,Unknown
Ulima Nitra Tbk.,UNIQ.JK,Unknown
Berkah Beton Sadaya Tbk.,BEBS.JK,Unknown
Sunter Lakeside Hotel Tbk.,SNLK.JK,Unknown
Zyrexindo Mandiri Buana Tbk.,ZYRX.JK,Unknown
Imago Mulia Persada Tbk.,LFLO.JK,Unknown
Fimperkasa Utama Tbk.,FIMP.JK,Unknown
Triputra Agro Persada Tbk.,TAPG.JK,Unknown
Nusa Palapa Gemilang Tbk.,NPGF.JK,Unknown
Lima Dua Lima Tiga Tbk.,LUCY.JK,Unknown
Adhi Commuter Properti Tbk.,ADCP.JK,Unknown
Harapan Duta Pertiwi Tbk.,HOPE.JK,Unknown
Panca Anugrah Wisesa Tbk.,MGLV.JK,Unknown
Triniti Dinamik Tbk.,TRUE.JK,Unknown
Ladangbaja Murni Tbk.,LABA.JK,Unknown
Archi Indonesia Tbk.,ARCI.JK,Unknown
Era Graharealty Tbk.,IPAC.JK,Unknown
Bank Multiarta Sentosa Tbk.,MASB.JK,Unknown
Bundamedik Tbk.,BMHS.JK,Unknown
Falmaco Nonwoven Industri Tbk.,FLMC.JK,Unknown
PAM Mineral Tbk.,NICL.JK,Unknown
Trimegah Karya Pratama Tbk.,UVCR.JK,Unknown
Bukalapak.com Tbk.,BUKA.JK,Unknown
Hasnur Internasional Shipping,HAIS.JK,Unknown
Indo Oil Perkasa Tbk.,OILS.JK,Unknown
Geoprima Solusi Tbk.,GPSO.JK,Unknown
Mandom Indonesia Tbk.,TCID.JK,Unknown
Omni Inovasi Indonesia Tbk.,TELE.JK,Unknown
Tifico Fiber Indonesia Tbk.,TFCO.JK,Unknown
Tigaraksa Satria Tbk.,TGKA.JK,Unknown
KDB Tifa Finance Tbk.,TIFA.JK,Unknown
Timah Tbk.,TINS.JK,Unknown
Tira Austenite Tbk,TIRA.JK,Unknown
Tirta Mahakam Resources Tbk,TIRT.JK,Unknown
Menthobi Karyatama Raya Tbk.,MKTR.JK,Unknown
Jayamas Medica Industri Tbk.,OMED.JK,Unknown
Wulandari Bangun Laksana Tbk.,BSBK.JK,Unknown
Primadaya Plastisindo Tbk.,PDPP.JK,Unknown
Puri Sentul Permai Tbk.,KDTN.JK,Unknown
Bersama Zatta Jaya Tbk.,ZATA.JK,Unknown
Baramulti Suksessarana Tbk.,BSSR.JK,Unknown
Bank Of India Indonesia Tbk.,BSWD.JK,Unknown
Bumi Teknokultura Unggul Tbk,BTEK.JK,Unknown
Bakrie Telecom Tbk.,BTEL.JK,Unknown
Betonjaya Manunggal Tbk.,BTON.JK,Unknown
Bank BTPN Tbk.,BTPN.JK,Unknown
Budi Starch & Sweetener Tbk.,BUDI.JK,Unknown
Prima Andalan Mandiri Tbk.,MCOL.JK,Unknown
Kedoya Adyaraya Tbk.,RSGK.JK,Unknown
Global Sukses Solusi Tbk.,RUNS.JK,Unknown
Surya Biru Murni Acetylene Tbk,SBMA.JK,Unknown
Cemindo Gemilang Tbk.,CMNT.JK,Unknown
GTS Internasional Tbk.,GTSI.JK,Unknown
Idea Indonesia Akademi Tbk.,IDEA.JK,Unknown
Ace Oldfields Tbk.,KUAS.JK,Unknown
Formosa Ingredient Factory Tbk,BOBA.JK,Unknown
Dayamitra Telekomunikasi Tbk.,MTEL.JK,Unknown
Caturkarda Depo Bangunan Tbk.,DEPO.JK,Unknown
Perma Plasindo Tbk.,BINO.JK,Unknown
Cisarua Mountain Dairy Tbk.,CMRY.JK,Unknown
Nusantara Pelabuhan Handal Tbk,PORT.JK,Unknown
Industri dan Perdagangan Bintr,CARS.JK,Unknown
Sanurhasta Mitra Tbk.,MINA.JK,Unknown
Forza Land Indonesia Tbk.,FORZ.JK,Unknown
Sariguna Primatirta Tbk.,CLEO.JK,Unknown
Pelayaran Tamarin Samudra Tbk.,TAMU.JK,Unknown
Wijaya Karya (Persero) Tbk.,WIKA.JK,Unknown
Wintermar Offshore Marine Tbk.,WINS.JK,Unknown
Wahana Ottomitra Multiartha Tb,WOMF.JK,Unknown
Waskita Karya (Persero) Tbk.,WSKT.JK,Unknown
Wijaya Karya Beton Tbk.,WTON.JK,Unknown
Yanaprima Hastapersada Tbk,YPAS.JK,Unknown
Yulie Sekuritas Indonesia Tbk.,YULE.JK,Unknown
Dosni Roha Indonesia Tbk.,ZBRA.JK,Unknown
Indomobil Multi Jasa Tbk.,IMJS.JK,Unknown
Impack Pratama Industri Tbk.,IMPC.JK,Unknown
Indofarma Tbk.,INAF.JK,Unknown
Indal Aluminium Industry Tbk.,INAI.JK,Unknown
Intanwijaya Internasional Tbk,INCI.JK,Unknown
Vale Indonesia Tbk.,INCO.JK,Unknown
Indofood Sukses Makmur Tbk.,INDF.JK,Unknown
Indo-Rama Synthetics Tbk.,INDR.JK,Unknown
Wira Global Solusi Tbk.,WGSH.JK,Unknown
Jaya Swarasa Agung Tbk.,TAYS.JK,Unknown
Widodo Makmur Perkasa Tbk.,WMPP.JK,Unknown
RMK Energy Tbk.,RMKE.JK,Unknown
OBM Drilchem Tbk.,OBMD.JK,Unknown
Avia Avian Tbk.,AVIA.JK,Unknown
Indo Pureco Pratama Tbk.,IPPE.JK,Unknown
Wahana Inti Makmur Tbk.,NASI.JK,Unknown
Bintang Samudera Mandiri Lines,BSML.JK,Unknown
Dharma Polimetal Tbk.,DRMA.JK,Unknown
Adaro Minerals Indonesia Tbk.,ADMR.JK,Unknown
Semacom Integrated Tbk.,SEMA.JK,Unknown
Autopedia Sukses Lestari Tbk.,ASLC.JK,Unknown
Asuransi Jiwa Syariah Jasa Mit,JMAS.JK,Unknown
Campina Ice Cream Industry Tbk,CAMP.JK,Unknown
Jasa Armada Indonesia Tbk.,IPCM.JK,Unknown
Prima Cakrawala Abadi Tbk.,PCAR.JK,Unknown
LCK Global Kedaton Tbk.,LCKM.JK,Unknown
Borneo Olah Sarana Sukses Tbk.,BOSS.JK,Unknown
Jaya Trishindo Tbk.,HELI.JK,Unknown
Net Visi Media Tbk.,NETV.JK,Unknown
Mitra Angkasa Sejahtera Tbk.,BAUT.JK,Unknown
Champ Resto Indonesia Tbk.,ENAK.JK,Unknown
Nusatama Berkah Tbk.,NTBK.JK,Unknown
Sumber Mas Konstruksi Tbk.,SMKM.JK,Unknown
Sumber Tani Agung Resources Tb,STAA.JK,Unknown
Nanotech Indonesia Global Tbk.,NANO.JK,Unknown
Sepeda Bersama Indonesia Tbk.,BIKE.JK,Unknown
Jasa Marga (Persero) Tbk.,JSMR.JK,Unknown
Jakarta Setiabudi Internasiona,JSPT.JK,Unknown
Jasuindo Tiga Perkasa Tbk.,JTPE.JK,Unknown
Kimia Farma Tbk.,KAEF.JK,Unknown
ICTSI Jasa Prima Tbk.,KARW.JK,Unknown
KMI Wire & Cable Tbk.,KBLI.JK,Unknown
Kabelindo Murni Tbk.,KBLM.JK,Unknown
First Media Tbk.,KBLV.JK,Unknown
Kertas Basuki Rachmat Indonesi,KBRI.JK,Unknown
WIR ASIA Tbk.,WIRG.JK,Unknown
Sigma Energy Compressindo Tbk.,SICO.JK,Unknown
GoTo Gojek Tokopedia Tbk.,GOTO.JK,Unknown
Teladan Prima Agro Tbk.,TLDN.JK,Unknown
Murni Sadar Tbk.,MTMH.JK,Unknown
Winner Nusantara Jaya Tbk.,WINR.JK,Unknown
Indo Boga Sukses Tbk.,IBOS.JK,Unknown
Oscar Mitra Sukses Sejahtera T,OLIV.JK,Unknown
Cilacap Samudera Fishing Indus,ASHA.JK,Unknown
Saraswanti Indoland Development,SWID.JK,Unknown
Cerestar Indonesia Tbk.,TRGU.JK,Unknown
Arkora Hydro Tbk.,ARKO.JK,Unknown
Alam Sutera Realty Tbk.,ASRI.JK,Unknown
Asuransi Ramayana Tbk.,ASRM.JK,Unknown
Adi Sarana Armada Tbk.,ASSA.JK,Unknown
Anabatic Technologies Tbk.,ATIC.JK,Unknown
Astra Otoparts Tbk.,AUTO.JK,Unknown
Bank MNC Internasional Tbk.,BABP.JK,Unknown
Bank Capital Indonesia Tbk.,BACA.JK,Unknown
Kino Indonesia Tbk.,KINO.JK,Unknown
Mahaka Radio Integra Tbk.,MARI.JK,Unknown
Mitra Komunikasi Nusantara Tbk,MKNT.JK,Unknown
Mitra Pemuda Tbk.,MTRA.JK,Unknown
Maharaksa Biru Energi Tbk.,OASA.JK,Unknown
Cikarang Listrindo Tbk.,POWR.JK,Unknown
Chemstar Indonesia Tbk.,CHEM.JK,Unknown
Dewi Shri Farmindo Tbk.,DEWI.JK,Unknown
Tera Data Indonusa Tbk.,AXIO.JK,Unknown
Bangun Karya Perkasa Jaya Tbk.,KRYA.JK,Unknown
Habco Trans Maritima Tbk.,HATM.JK,Unknown
Utama Radar Cahaya Tbk.,RCCC.JK,Unknown
Aman Agrindo Tbk.,GULA.JK,Unknown
Jhonlin Agro Raya Tbk.,JARR.JK,Unknown
Agung Menjangan Mas Tbk.,AMMS.JK,Unknown
Sari Kreasi Boga Tbk.,RAFI.JK,Unknown
Kusuma Kemindo Sentosa Tbk.,KKES.JK,Unknown
Pelayaran Nasional Ekalya Purn,ELPI.JK,Unknown
Estee Gold Feet Tbk.,EURO.JK,Unknown
Klinko Karya Imaji Tbk.,KLIN.JK,Unknown
Rohartindo Nusantara Luas Tbk.,TOOL.JK,Unknown
Segar Kumala Indonesia Tbk.,BUAH.JK,Unknown
Toba Surimi Industries Tbk.,CRAB.JK,Unknown
Hetzer Medical Indonesia Tbk.,MEDS.JK,Unknown
Black Diamond Resources Tbk.,COAL.JK,Unknown
Famon Awal Bros Sedaya Tbk.,PRAY.JK,Unknown
Citra Borneo Utama Tbk.,CBUT.JK,Unknown
Global Digital Niaga Tbk.,BELI.JK,Unknown
Chandra Daya Investasi Tbk.,CDIA.JK,Unknown
PT Cakra Buana Resources Energi Tbk.,CBRE.JK,Unknown
PT Sinergi Inti Andalan Prima Tbk.,INET.JK,Unknown